customerID,gender,SeniorCitizen,tenure,MonthlyCharges,TotalCharges,Contract,InternetService,Churn
CUST0,Male,1,47,94.171206151293,850.9190597082729,Month-to-month,No,1
CUST1,Female,0,12,108.14507796750212,6631.299467407352,Month-to-month,DSL,0
CUST2,Male,0,62,47.79020972488678,476.3659337484021,Two year,DSL,0
CUST3,Male,0,8,39.39538672677749,5841.318870928753,One year,No,1
CUST4,Male,0,21,107.98164859419389,6213.859151988255,One year,DSL,1
CUST5,Female,0,70,85.75603127780231,2885.56058683798,One year,No,1
CUST6,Male,1,25,51.09289300075542,6615.824064594515,One year,Fiber optic,1
CUST7,Male,0,12,94.23480505725092,4173.709306265982,One year,No,0
CUST8,Male,1,15,101.51183844803678,3760.019860855095,Month-to-month,Fiber optic,1
CUST9,Female,1,59,81.49782403411324,458.6859236026711,Month-to-month,DSL,0
CUST10,Male,0,26,88.78841098799151,2391.230629826357,Month-to-month,DSL,0
CUST11,Male,0,26,57.52599044426663,7454.978769993869,Two year,Fiber optic,0
CUST12,Male,1,47,73.8695667343039,3195.40930993965,One year,DSL,0
CUST13,Male,0,32,72.41591707261622,4418.93411239847,Two year,Fiber optic,0
CUST14,Female,0,10,104.8047791130772,4302.971263975589,One year,DSL,1
CUST15,Male,1,16,103.99639802821824,4764.405609599277,Month-to-month,No,0
CUST16,Female,1,71,103.26804693470432,584.5145495819327,Two year,DSL,0
CUST17,Female,0,17,21.10316142624658,2961.1924129099534,Month-to-month,No,1
CUST18,Female,1,23,94.95454844688882,5812.713363672178,One year,No,1
CUST19,Male,0,26,95.86763901110048,1684.425983476565,One year,Fiber optic,0
CUST20,Female,0,7,87.83788228551418,1708.2691826162477,One year,DSL,0
CUST21,Male,0,14,95.62646578914526,179.71579284329533,Month-to-month,Fiber optic,1
CUST22,Female,1,7,104.19703714967088,3556.1072202048567,One year,DSL,0
CUST23,Female,1,9,67.03190541017857,7073.601607320034,Month-to-month,No,1
CUST24,Female,1,48,70.20502134884472,510.0174543397412,Two year,No,1
CUST25,Female,1,59,32.47140569113905,1609.8378050184208,One year,DSL,0
CUST26,Female,1,39,58.53758830473618,2549.667852907765,One year,DSL,1
CUST27,Female,0,18,84.33651799117843,5880.625418857282,One year,Fiber optic,0
CUST28,Female,0,59,98.03997761472743,5161.021183140434,Two year,DSL,0
CUST29,Female,0,17,41.72090976912105,3385.9568461966546,One year,DSL,0
CUST30,Male,0,14,33.78228991592354,6096.644620141168,Month-to-month,DSL,1
CUST31,Male,1,31,86.30420045004922,4916.084992089525,Month-to-month,Fiber optic,0
CUST32,Female,0,24,20.187988352491065,7178.72231729203,One year,DSL,1
CUST33,Female,1,60,37.83725843073299,6562.4113181956745,One year,No,0
CUST34,Female,0,45,22.907138034395373,2097.227488104684,Two year,Fiber optic,0
CUST35,Male,1,3,36.68851178548709,2244.364763310182,Two year,Fiber optic,1
CUST36,Female,1,37,38.13192799255052,1090.3161587598463,Two year,No,0
CUST37,Male,0,43,58.76735947503942,2762.0213331679065,One year,No,0
CUST38,Male,0,40,60.2327124686556,7996.396957880845,Two year,No,1
CUST39,Male,0,55,107.42624706102376,3305.4342320589817,Two year,DSL,1
CUST40,Male,0,39,71.01097124988252,1841.8586340439408,Month-to-month,No,1
CUST41,Male,1,15,92.34047656122864,6123.614787356869,Two year,DSL,0
CUST42,Female,0,4,30.413735792028746,4385.520927354984,Month-to-month,Fiber optic,1
CUST43,Female,0,25,42.543875546369385,1281.851451262925,Month-to-month,Fiber optic,1
CUST44,Female,1,13,90.29434409786768,3107.4484811708394,Two year,No,0
CUST45,Female,0,33,25.280396046852808,3374.310752760812,Month-to-month,DSL,1
CUST46,Female,0,16,68.65976622437532,6055.254634496827,One year,No,0
CUST47,Male,0,42,79.93689656629338,263.30381424604525,One year,No,0
CUST48,Female,0,66,80.2145644052481,2225.2552097066527,Two year,DSL,1
CUST49,Female,0,55,22.293281126804203,4189.010780392624,One year,No,0
CUST50,Male,1,42,52.21080042291855,2223.8892653774624,Month-to-month,Fiber optic,1
CUST51,Female,0,34,83.6490651049154,5064.628974610091,One year,No,1
CUST52,Male,0,30,34.89997361492435,3906.753086269471,Two year,DSL,1
CUST53,Female,0,13,89.54156483280532,2957.511013390687,Two year,DSL,1
CUST54,Male,0,13,94.59252088136743,7598.748152277047,Month-to-month,Fiber optic,0
CUST55,Female,0,18,118.19691904461452,5094.060043573014,Two year,DSL,0
CUST56,Female,1,32,40.98419948564094,1126.5368409167356,One year,DSL,1
CUST57,Male,0,39,102.51306676661152,4524.724409802824,Two year,Fiber optic,1
CUST58,Male,1,46,72.0296576918654,6267.781640287118,Month-to-month,No,0
CUST59,Male,1,29,57.34625961441734,5697.068610193099,Two year,Fiber optic,1
CUST60,Male,0,62,32.23767573251779,1459.504911432549,One year,No,0
CUST61,Male,0,62,93.55056064875376,7782.117992416816,Month-to-month,Fiber optic,1
CUST62,Male,0,57,43.58575991436871,3645.6278013981873,One year,No,0
CUST63,Male,0,16,57.142200187304574,1356.2975295480642,Month-to-month,Fiber optic,0
CUST64,Male,1,56,26.25422268973684,1523.5464576123686,Two year,No,0
CUST65,Female,0,10,100.13669158195192,876.0564382937359,Month-to-month,Fiber optic,1
CUST66,Female,0,30,96.65885239716434,6447.793056635981,Month-to-month,No,1
CUST67,Male,0,25,93.36158300423124,1064.0409051426043,Two year,Fiber optic,1
CUST68,Female,0,5,49.94435104918867,1088.4895314198006,One year,DSL,1
CUST69,Female,0,65,37.34800742659573,6818.725756610617,Two year,No,1
CUST70,Female,0,49,83.75532644702298,2822.372267135721,Month-to-month,Fiber optic,0
CUST71,Female,1,3,69.61663841132194,343.7774440337723,Two year,No,0
CUST72,Male,1,45,37.82524669046416,509.97286619544593,Month-to-month,No,0
CUST73,Female,0,14,88.59112710498637,1223.146528960775,Two year,Fiber optic,0
CUST74,Male,0,30,119.11264318213036,1785.8074490079473,Two year,No,0
CUST75,Female,0,68,94.72195877420376,5354.654934483402,One year,Fiber optic,0
CUST76,Female,1,18,93.99863866856118,1342.8776120144432,Month-to-month,DSL,0
CUST77,Female,0,62,115.03127529305917,1039.1076902988689,One year,No,1
CUST78,Male,1,37,40.29363675749022,6141.281217662606,Month-to-month,DSL,0
CUST79,Female,0,25,76.55499649214404,5401.336742493324,Two year,No,1
CUST80,Male,0,48,117.96467150338836,3539.061349496366,Month-to-month,No,0
CUST81,Female,0,65,36.52941109701746,4439.547194692821,One year,No,0
CUST82,Male,0,53,90.02519594445211,2564.673760578706,One year,Fiber optic,1
CUST83,Female,1,15,78.5810145971902,3911.753319859349,One year,DSL,0
CUST84,Male,1,49,78.6479092188707,4102.713926963692,Month-to-month,No,1
CUST85,Male,0,68,89.76706275200752,3159.1744423069576,One year,Fiber optic,0
CUST86,Female,0,12,112.96169228756844,7261.920464310086,One year,No,1
CUST87,Male,1,59,98.2581939851338,226.88873334994852,One year,Fiber optic,0
CUST88,Female,1,37,25.613610341621,6279.152978420845,Two year,No,1
CUST89,Female,1,61,105.27280198757111,1082.624366806462,Two year,DSL,1
CUST90,Female,1,43,42.55413299257326,6400.624148243875,Month-to-month,DSL,0
CUST91,Female,0,70,57.6914164736372,4965.704133846098,Month-to-month,No,0
CUST92,Female,1,39,66.17328136123822,6761.896918397579,One year,Fiber optic,1
CUST93,Female,0,56,68.09060007530697,870.36317256309,Two year,No,0
CUST94,Female,1,63,63.51803992553568,4515.947009388215,One year,Fiber optic,1
CUST95,Female,1,46,113.73532942158644,4058.5942540713568,One year,No,0
CUST96,Female,1,11,90.60190076640248,5678.9261454105335,Two year,Fiber optic,1
CUST97,Female,1,62,83.11706459567063,4320.895359960039,Two year,DSL,0
CUST98,Female,1,25,24.984202778294154,4371.803080351523,Two year,No,1
CUST99,Male,0,71,110.39133302603749,3493.807954250911,Month-to-month,DSL,0
CUST100,Male,0,52,110.93901920083962,2539.7919496579925,Month-to-month,DSL,1
CUST101,Female,1,4,98.02130634301024,3909.8884538923194,One year,No,1
CUST102,Female,1,59,20.70292038136192,1036.0896342703645,Month-to-month,No,0
CUST103,Female,0,20,25.72802510776233,7695.95537796637,Two year,Fiber optic,0
CUST104,Female,1,63,42.52237022684898,5743.845032650126,Two year,Fiber optic,1
CUST105,Female,1,54,33.13494081449067,7624.490221833989,Month-to-month,DSL,1
CUST106,Female,0,57,59.88360297037295,1891.1463204067095,One year,Fiber optic,1
CUST107,Female,1,41,112.26230580877896,7046.794059394571,One year,Fiber optic,1
CUST108,Female,1,3,67.20604341969982,6489.440878051953,Month-to-month,No,0
CUST109,Male,0,6,21.34026264321656,5449.504058415622,One year,Fiber optic,1
CUST110,Female,0,5,48.2745689578762,5037.730570073126,One year,DSL,1
CUST111,Male,0,5,24.459490837296155,2600.742355616173,One year,Fiber optic,1
CUST112,Female,1,54,23.62876226135021,6549.645201223742,Two year,DSL,0
CUST113,Female,0,47,47.57198530955522,4061.972145689897,Two year,No,1
CUST114,Male,0,49,47.56123386789454,660.0434495411544,Month-to-month,DSL,0
CUST115,Female,0,9,98.7126602601604,2571.618970755527,Two year,Fiber optic,0
CUST116,Male,0,20,117.4834652781112,7488.847078508088,One year,No,0
CUST117,Female,0,61,57.12070938899983,6820.374058778285,Two year,Fiber optic,0
CUST118,Female,0,35,62.88868788610386,7857.05501480466,Month-to-month,No,0
CUST119,Male,1,50,104.47894362860214,5061.147722572375,Two year,No,0
CUST120,Female,1,62,46.81390200955134,2055.3295778092543,One year,Fiber optic,0
CUST121,Male,0,17,35.6381804403448,1386.238892447224,One year,Fiber optic,1
CUST122,Female,0,3,105.30896234036504,1576.624080806847,Month-to-month,No,1
CUST123,Male,0,32,24.65005864400655,256.38570094330964,Two year,No,0
CUST124,Male,1,13,81.96994401994158,3186.3886767889194,Two year,Fiber optic,1
CUST125,Female,1,68,76.19928474668068,1612.278675946386,Two year,DSL,1
CUST126,Female,1,14,54.59204475016943,3352.078137607949,One year,Fiber optic,0
CUST127,Male,1,11,51.5189521097359,7486.456011526247,Month-to-month,No,1
CUST128,Female,1,56,97.18577261816212,3501.2676551068007,Two year,Fiber optic,0
CUST129,Female,1,67,28.642461076254648,7036.077526180196,One year,DSL,1
CUST130,Female,1,29,43.678430931138536,4883.487656265424,One year,Fiber optic,0
CUST131,Male,1,9,93.24487318380898,2052.339281824996,One year,No,0
CUST132,Male,1,67,74.83205837264242,2911.25259814777,Two year,Fiber optic,1
CUST133,Male,0,25,32.798820853358635,762.9643329892924,Two year,No,1
CUST134,Male,0,42,108.213561428206,2734.354489408483,Two year,No,0
CUST135,Male,0,9,59.34478465635915,5452.573469477919,Two year,Fiber optic,0
CUST136,Male,0,40,102.78683753221728,669.677634142538,Two year,No,0
CUST137,Male,1,25,98.77130155277086,1722.671126976432,Two year,No,1
CUST138,Male,1,5,82.44254464717281,3113.3842271651606,Two year,DSL,1
CUST139,Male,0,11,69.4481131295093,7858.191342426104,Two year,DSL,1
CUST140,Female,1,59,117.95508403817568,6300.4084013751535,Two year,DSL,1
CUST141,Male,0,38,34.4965072379817,5894.545297287621,One year,DSL,0
CUST142,Female,1,5,92.51557275511148,1017.9085565510233,Two year,No,0
CUST143,Female,0,48,39.1190701464789,6269.867559558433,Month-to-month,Fiber optic,0
CUST144,Female,1,18,53.82631053323484,6303.62361097652,One year,No,0
CUST145,Male,1,70,50.86987433731953,4848.711295432194,Two year,No,1
CUST146,Male,0,37,114.7035987738723,7923.8580777871375,Month-to-month,No,0
CUST147,Male,1,60,116.73561777882752,2669.5058568039603,Two year,Fiber optic,0
CUST148,Male,0,48,38.30154442347272,7536.052341110628,Month-to-month,DSL,1
CUST149,Female,0,28,22.203516029750418,7326.375808156378,Month-to-month,No,1
CUST150,Male,0,69,92.00080396631132,190.69721202008492,Month-to-month,No,0
CUST151,Male,0,40,61.798993387048434,3655.920559151007,Month-to-month,DSL,1
CUST152,Male,1,45,28.88402450875644,7819.123441107429,One year,No,0
CUST153,Male,1,62,88.37541055770426,914.6587630237988,One year,Fiber optic,1
CUST154,Male,1,58,74.51055282606997,4427.499085628224,Month-to-month,No,1
CUST155,Female,0,67,118.0516822001106,7833.764305624722,Two year,No,0
CUST156,Male,1,56,42.74094958613789,4488.413850436295,Month-to-month,DSL,1
CUST157,Female,0,40,60.397787632654826,1599.5408934800323,One year,No,0
CUST158,Male,1,40,74.25458033954229,4699.247517731459,Two year,No,1
CUST159,Female,1,33,99.16999884533516,1715.08053420142,One year,Fiber optic,1
CUST160,Male,1,6,74.88386567200587,4205.663676866426,One year,DSL,1
CUST161,Male,0,19,81.29001608619492,684.9335215075491,Two year,DSL,1
CUST162,Female,1,40,42.61470515899407,4883.313086793796,Month-to-month,Fiber optic,1
CUST163,Female,1,59,104.691872808856,4182.6405191124495,Month-to-month,No,0
CUST164,Female,0,59,62.86305469704757,5947.274813215558,Month-to-month,DSL,1
CUST165,Male,1,48,34.09596275217693,5082.533722154401,Month-to-month,DSL,0
CUST166,Female,0,41,86.41879145054173,4441.889521392977,Two year,No,1
CUST167,Male,1,13,41.60904531853075,5549.252909060157,Two year,No,0
CUST168,Male,0,45,29.756251023929973,1237.1411172206238,Two year,DSL,1
CUST169,Female,0,53,106.19869084042725,4803.341323942972,One year,No,0
CUST170,Female,1,42,66.01622644884397,1459.6737622999435,Two year,DSL,0
CUST171,Male,0,63,94.92837126957764,7411.625442029859,Month-to-month,No,1
CUST172,Male,0,27,49.05875598063551,639.8394282802732,One year,No,1
CUST173,Female,0,38,98.69701349176664,3499.960522557267,Month-to-month,Fiber optic,1
CUST174,Female,0,60,31.193592702153037,5596.800073478014,Month-to-month,No,0
CUST175,Female,0,7,55.59733737948528,3718.375472179244,Two year,Fiber optic,0
CUST176,Male,0,5,117.80618179735283,827.5525005399286,Two year,No,1
CUST177,Male,1,45,99.3989716368006,4471.694227400988,Month-to-month,DSL,1
CUST178,Male,0,58,69.72559303146882,5168.892079736101,Month-to-month,DSL,0
CUST179,Male,0,31,53.97774715618851,5659.95925682501,One year,No,0
CUST180,Male,1,23,107.21357000224764,3048.752534255796,Two year,No,1
CUST181,Male,1,42,74.48477590845157,4552.9137711272215,One year,DSL,0
CUST182,Female,1,10,95.84250178691111,3660.4231520174135,One year,No,1
CUST183,Male,1,32,95.4107680316164,5409.242706142802,One year,Fiber optic,1
CUST184,Male,1,53,21.794567856849184,4710.100041866067,Month-to-month,Fiber optic,1
CUST185,Male,1,30,32.62537827926135,4253.474134517165,One year,Fiber optic,0
CUST186,Female,1,39,85.96293663947422,2071.242498022164,One year,Fiber optic,0
CUST187,Male,0,31,36.16198112858714,115.94629021104794,Month-to-month,Fiber optic,0
CUST188,Male,0,2,45.54933446556047,1475.245234960291,Two year,No,0
CUST189,Female,1,12,114.66379541996072,1024.8217272509323,Two year,No,1
CUST190,Male,0,39,76.01822583749119,3647.7694855864793,One year,Fiber optic,0
CUST191,Male,0,66,95.07295069993472,4936.839391018572,Month-to-month,No,1
CUST192,Male,0,13,75.79807387826398,1783.3715686099845,Two year,No,1
CUST193,Male,1,46,75.25136147827251,7518.551058140778,One year,Fiber optic,1
CUST194,Male,1,27,29.415191012569792,152.78882086871346,One year,No,0
CUST195,Female,0,17,54.3663192609103,6201.178019806209,Month-to-month,No,1
CUST196,Female,1,60,48.24308986865117,5039.1176792904935,One year,No,1
CUST197,Female,0,64,59.07283656136132,3051.082928276687,Two year,Fiber optic,0
CUST198,Male,0,35,99.83441882243282,498.8626608580226,Month-to-month,No,1
CUST199,Male,0,70,57.19326679168648,5057.143917095807,Two year,DSL,0
CUST200,Male,0,30,65.16968192316827,3146.3467516386195,Two year,DSL,0
CUST201,Female,1,71,59.73813904853165,7496.510401364431,Two year,Fiber optic,0
CUST202,Male,1,63,29.34079719752956,4381.721591629151,One year,DSL,1
CUST203,Male,1,28,64.10721582507837,7523.246939218715,One year,Fiber optic,0
CUST204,Female,0,60,39.5609273044515,1841.8211784391024,Two year,DSL,0
CUST205,Male,1,37,38.67232957730415,5833.234691876416,Two year,DSL,0
CUST206,Female,0,22,29.40361044342664,4976.267264704933,Month-to-month,DSL,0
CUST207,Female,1,68,55.66709741417648,5941.325015667363,Month-to-month,Fiber optic,1
CUST208,Female,0,20,95.74818847894174,1795.8761253830403,One year,Fiber optic,0
CUST209,Male,0,68,47.64416905833961,5353.456678278412,One year,No,1
CUST210,Male,0,64,51.23491018855135,4034.5191051492648,Month-to-month,Fiber optic,0
CUST211,Male,1,17,84.26746576724236,5968.317301759898,Two year,DSL,1
CUST212,Male,1,12,39.58408125869189,2683.6526887993605,One year,DSL,0
CUST213,Male,1,22,109.69579304235344,7131.450501175495,Two year,Fiber optic,1
CUST214,Male,1,17,72.01905232515544,765.980385429668,Month-to-month,Fiber optic,0
CUST215,Male,0,10,64.7602940320217,6476.7956184503855,One year,Fiber optic,1
CUST216,Female,1,65,75.78201919292013,6904.425043939217,One year,No,1
CUST217,Male,1,22,36.60343134161955,6556.293259797887,Month-to-month,DSL,1
CUST218,Female,0,50,81.34731386391763,4150.538514668031,One year,No,0
CUST219,Male,0,14,56.31007366340104,3563.2413422430145,Month-to-month,No,1
CUST220,Male,0,64,109.7186340964619,7970.472063546526,One year,DSL,1
CUST221,Male,1,47,36.88542066776861,1910.458414591881,Month-to-month,DSL,1
CUST222,Female,0,29,70.7051103865441,4420.320130420752,One year,Fiber optic,1
CUST223,Female,0,36,79.8112629369018,5398.336650520372,Two year,Fiber optic,0
CUST224,Female,0,52,23.338360178638123,5636.854323305312,Two year,No,1
CUST225,Female,1,7,56.36931247561402,1711.7948593347717,Two year,Fiber optic,1
CUST226,Male,0,29,93.26352347008329,5266.55332948443,One year,Fiber optic,1
CUST227,Female,1,11,102.03775074489734,6565.119575202564,One year,DSL,0
CUST228,Male,1,33,51.31619948172823,495.1467568867865,Two year,DSL,1
CUST229,Male,0,6,99.85932723827511,7301.018217270001,Two year,Fiber optic,1
CUST230,Female,0,32,116.77558771033888,333.0820356471269,Month-to-month,DSL,1
CUST231,Female,1,51,105.6873936075094,2912.171156658316,Month-to-month,Fiber optic,1
CUST232,Female,0,58,31.76439881593252,224.92425024040037,Month-to-month,DSL,0
CUST233,Female,0,26,93.97303320855406,709.4468314626968,Two year,DSL,1
CUST234,Female,1,46,51.96668324405447,7298.229452922625,Two year,DSL,1
CUST235,Female,1,29,118.84159894120764,2903.400562894568,Two year,DSL,0
CUST236,Female,0,4,68.5358983159887,3455.6950903579177,Month-to-month,Fiber optic,0
CUST237,Female,1,13,32.24338983589411,1801.220612922166,One year,No,0
CUST238,Male,0,39,92.51855480273908,4817.056584475086,Two year,DSL,1
CUST239,Female,0,15,52.30111983862138,4798.945395954538,One year,Fiber optic,0
CUST240,Female,0,29,119.70781570816617,3040.383095419232,One year,Fiber optic,1
CUST241,Male,1,29,117.9782457854522,2730.975487262647,One year,DSL,0
CUST242,Female,0,32,85.61340180205806,7091.218034626643,Month-to-month,No,1
CUST243,Male,0,2,32.98264489517176,3127.945493173391,One year,DSL,0
CUST244,Male,0,47,88.68609976750291,3998.657838019825,Two year,Fiber optic,1
CUST245,Female,1,22,29.30304864600272,2338.107623156952,Month-to-month,No,0
CUST246,Male,1,27,22.936415910239237,6315.4790765213065,Two year,Fiber optic,1
CUST247,Male,1,67,102.2958446221486,3239.840439502824,Two year,DSL,1
CUST248,Male,1,56,40.97529476836814,4157.527267700164,Month-to-month,No,1
CUST249,Male,1,21,57.90271262190974,2101.521643471325,Two year,Fiber optic,1
CUST250,Female,0,47,117.34573899761732,7902.510779495889,Two year,Fiber optic,1
CUST251,Male,1,59,53.684050186110326,2402.816353297411,Month-to-month,Fiber optic,1
CUST252,Female,1,6,49.64897812833153,6188.865994153858,Two year,DSL,1
CUST253,Male,1,19,111.82079996227752,3477.2156378183977,One year,No,1
CUST254,Male,0,57,31.074844531895813,1729.117500164705,Two year,DSL,0
CUST255,Male,1,69,95.95824101146316,6417.778235322404,One year,DSL,1
CUST256,Male,1,3,118.8065566652774,2735.493633329441,Two year,DSL,1
CUST257,Female,0,1,110.12960107746488,6935.027444442708,Month-to-month,No,0
CUST258,Female,1,58,85.1667918706426,7330.531760850802,Month-to-month,DSL,1
CUST259,Male,0,38,51.4060794992732,6892.60829959108,Two year,DSL,0
CUST260,Male,0,15,45.43219811783168,376.5625269737647,Month-to-month,DSL,1
CUST261,Female,0,34,101.92551048714613,6320.249425540334,Two year,DSL,0
CUST262,Male,0,61,107.98219139516952,3349.581785343237,Month-to-month,Fiber optic,0
CUST263,Male,0,35,72.54349125456929,7002.411069439579,One year,DSL,1
CUST264,Male,1,64,44.43399407864661,5139.838675209437,Two year,Fiber optic,0
CUST265,Female,0,25,31.294320841117354,6685.780759737271,One year,DSL,1
CUST266,Female,0,24,28.71794678318312,4045.510981948,One year,No,1
CUST267,Female,1,12,91.90774473538556,4326.701486331569,Two year,Fiber optic,1
CUST268,Male,0,18,62.0118727847725,1240.662293855971,One year,Fiber optic,1
CUST269,Male,1,15,110.53598742778703,6293.500133645908,Two year,Fiber optic,0
CUST270,Female,1,27,93.96713007267635,3413.177932169076,One year,Fiber optic,1
CUST271,Female,1,60,39.12604179145867,4050.632934345503,Two year,No,0
CUST272,Female,0,46,81.3777418815699,6302.27194135609,Two year,DSL,0
CUST273,Female,0,17,63.550545439815934,4830.878660627568,Month-to-month,Fiber optic,1
CUST274,Male,0,53,77.72497307686132,1688.6799467970727,Two year,No,1
CUST275,Female,1,8,93.80691233385171,4762.838007292053,Two year,Fiber optic,1
CUST276,Male,0,27,100.61958810037908,3320.2995780392807,One year,DSL,1
CUST277,Female,0,46,104.37373264067244,3809.251782146515,Two year,Fiber optic,0
CUST278,Male,0,50,45.39748745720247,323.65906778107546,Month-to-month,No,1
CUST279,Female,1,71,23.111559991735767,1759.2318611786247,One year,DSL,0
CUST280,Female,1,3,93.92947351647732,2320.200842910124,One year,No,1
CUST281,Female,0,64,30.63437262557746,5732.384062084566,Month-to-month,DSL,1
CUST282,Female,0,44,51.491958861296766,190.79053905511097,One year,DSL,1
CUST283,Male,0,53,20.381713412434717,3329.3403637101437,One year,DSL,1
CUST284,Female,0,24,88.166948240162,7399.812276363289,One year,Fiber optic,0
CUST285,Male,1,60,36.71320114712212,983.8568707380784,One year,No,0
CUST286,Male,1,3,85.52824096916582,4179.752666927027,Month-to-month,No,1
CUST287,Male,1,20,119.17426171678387,6313.526820887691,Month-to-month,No,0
CUST288,Male,1,46,27.267087161001623,7545.997329408922,One year,DSL,0
CUST289,Female,0,15,27.707801195146068,5999.535452316372,One year,Fiber optic,1
CUST290,Male,0,25,54.03800926666749,5792.467834290808,Month-to-month,DSL,1
CUST291,Male,0,71,106.6386514251342,6629.255912546523,Month-to-month,No,0
CUST292,Male,1,17,41.55298687913319,3624.989645722595,Month-to-month,Fiber optic,0
CUST293,Female,0,9,56.03778199303476,6466.171807680881,One year,Fiber optic,0
CUST294,Female,1,38,26.85054066269796,162.91879748906388,One year,Fiber optic,0
CUST295,Female,1,48,96.31552912588894,7404.032337476759,Two year,No,1
CUST296,Female,0,60,60.83063427594511,3602.121425185685,Month-to-month,Fiber optic,1
CUST297,Male,0,63,95.92487330608428,4471.703484139406,One year,Fiber optic,0
CUST298,Male,0,2,110.3607844346795,2113.5697664275704,Month-to-month,DSL,1
CUST299,Female,1,11,43.27631471012887,5965.99357943933,One year,DSL,0
CUST300,Male,0,64,100.73960303399514,705.4228711544656,Month-to-month,Fiber optic,0
CUST301,Male,1,21,25.909389007825325,6993.822840119999,One year,Fiber optic,1
CUST302,Male,0,18,109.88473881802472,6642.122949150108,Two year,DSL,0
CUST303,Female,1,64,85.07685475587473,1806.8749183336545,Two year,DSL,0
CUST304,Female,1,38,107.42267241383516,6493.662746453573,Month-to-month,DSL,1
CUST305,Male,0,32,20.01883995565819,6312.226091185704,One year,No,1
CUST306,Female,1,11,36.90810703559925,5094.511122256197,One year,No,0
CUST307,Female,1,45,58.975938742649205,3050.809397507532,Month-to-month,DSL,0
CUST308,Female,0,33,57.950290337471856,2244.8401580367563,One year,Fiber optic,1
CUST309,Female,1,41,42.673038292351066,1931.090363285865,Month-to-month,DSL,0
CUST310,Female,0,8,58.16119398672001,2617.0108058324968,One year,No,0
CUST311,Male,1,11,32.884871200025486,7238.11170311699,Month-to-month,Fiber optic,1
CUST312,Female,0,51,61.27611292660261,713.3621303113721,One year,No,1
CUST313,Male,0,41,100.23543291592642,6648.083082398373,Month-to-month,Fiber optic,1
CUST314,Male,1,17,67.90700631033512,2856.231592830406,One year,No,1
CUST315,Female,1,46,21.800008894521497,4220.635228489729,Two year,Fiber optic,1
CUST316,Male,1,32,62.14440415792474,6376.436505823076,One year,Fiber optic,1
CUST317,Male,1,54,22.71750160908441,7086.574721481474,Month-to-month,Fiber optic,0
CUST318,Male,1,20,116.62434107067982,2823.7732185739114,Two year,Fiber optic,0
CUST319,Female,0,33,32.7453959422869,3748.563502073372,One year,No,1
CUST320,Female,1,40,90.76883263306188,3374.6769120526587,Two year,No,1
CUST321,Male,0,32,117.27763228920858,204.68316468089333,One year,Fiber optic,0
CUST322,Female,0,2,102.6039051666572,2437.948821983387,Two year,Fiber optic,0
CUST323,Female,1,33,89.93153751262037,3727.5949464872383,Month-to-month,No,0
CUST324,Female,0,30,103.9460909500767,3347.6395101554745,One year,Fiber optic,1
CUST325,Female,0,33,118.17986932606276,5803.240897373868,One year,Fiber optic,1
CUST326,Male,0,26,82.13444972535297,3139.9485760467155,Month-to-month,Fiber optic,0
CUST327,Male,0,22,75.91848068293265,3966.073946868295,Two year,DSL,1
CUST328,Female,1,66,82.82381104632813,3493.9078778456706,Month-to-month,Fiber optic,1
CUST329,Female,0,38,73.2675886761555,5950.946576265527,Month-to-month,DSL,1
CUST330,Male,1,46,83.50891059097188,6917.481951997004,Two year,Fiber optic,0
CUST331,Male,1,15,64.98422079725592,4301.923724159362,Month-to-month,No,0
CUST332,Female,0,44,41.84431828833071,6336.51433414201,One year,DSL,1
CUST333,Male,1,49,32.024722651167565,2444.61478795682,One year,DSL,1
CUST334,Female,1,61,26.83409355322604,4376.819920242423,One year,Fiber optic,1
CUST335,Female,1,67,46.33157837532001,2827.3166339927825,Month-to-month,Fiber optic,1
CUST336,Male,0,6,24.61235643357338,3372.18731201746,One year,DSL,1
CUST337,Male,1,9,76.71707799193857,5886.069532020082,One year,No,0
CUST338,Female,1,6,48.38284470235203,7065.13361042843,One year,No,1
CUST339,Female,1,32,102.45348080870322,1059.813589593347,One year,Fiber optic,1
CUST340,Male,0,41,27.424087298838643,5113.650126250306,One year,No,1
CUST341,Female,1,8,42.6351494341486,4698.9360798646085,One year,No,0
CUST342,Male,0,50,93.0246147090146,1035.4788094898618,Month-to-month,Fiber optic,0
CUST343,Female,0,62,79.88082963834914,1773.9652104768618,One year,No,1
CUST344,Male,0,62,26.449127124916757,2556.919708388174,One year,Fiber optic,0
CUST345,Male,0,7,107.72394571622004,1418.7554594582616,Two year,DSL,0
CUST346,Male,0,4,107.72617628261796,2025.4629119423,Month-to-month,Fiber optic,0
CUST347,Female,0,6,53.04080038757738,2214.0463110074893,Month-to-month,DSL,0
CUST348,Female,1,58,54.04058433495647,2751.823281008571,Month-to-month,DSL,0
CUST349,Male,0,22,118.90283583501738,6020.184577129156,Month-to-month,No,0
CUST350,Female,1,26,82.61761715931382,4618.106410419746,One year,No,1
CUST351,Male,1,3,73.1316520568059,7891.348708416071,One year,No,0
CUST352,Male,0,41,103.81521835519244,3376.413033043021,Two year,Fiber optic,0
CUST353,Female,1,60,48.52903383573164,6055.534083311708,Two year,No,1
CUST354,Female,1,14,62.91825933963569,6984.600528874617,Month-to-month,DSL,1
CUST355,Male,1,12,46.77766754883342,5463.930095000531,Two year,No,1
CUST356,Female,1,12,98.91608465887316,3353.731449298218,Two year,No,1
CUST357,Female,0,13,77.3349345635218,6053.397582891448,Month-to-month,Fiber optic,0
CUST358,Male,1,25,85.88250701400705,1708.9703884042103,Month-to-month,Fiber optic,0
CUST359,Male,0,45,45.230724983940654,2687.662104923046,Two year,DSL,0
CUST360,Female,1,19,42.02253013773151,4418.8135152843815,One year,Fiber optic,0
CUST361,Male,1,55,68.83746289829386,4645.734159560572,Two year,No,1
CUST362,Male,0,45,93.75657490928268,274.91765623377273,Two year,Fiber optic,0
CUST363,Female,1,8,72.52397575201601,7566.402091172469,One year,DSL,0
CUST364,Male,1,53,23.264567754566865,5603.3554426173805,One year,No,1
CUST365,Male,1,55,106.85515063202888,4016.05962683194,Month-to-month,DSL,0
CUST366,Female,0,32,26.46868935151316,7471.705151825636,Month-to-month,Fiber optic,0
CUST367,Female,1,51,115.58244837207522,3568.854965481545,Two year,Fiber optic,0
CUST368,Male,0,44,22.51419582772727,7845.441005135937,One year,DSL,0
CUST369,Male,1,70,89.44504561307087,4147.049582223532,Month-to-month,No,1
CUST370,Female,0,18,28.220706371178167,1002.8575829840378,Two year,Fiber optic,1
CUST371,Female,0,22,111.06765794351396,6141.927682428291,One year,Fiber optic,1
CUST372,Female,1,37,66.44332362255427,5463.29202811494,Two year,No,1
CUST373,Female,1,56,33.75237748170154,6206.595098314136,Month-to-month,Fiber optic,1
CUST374,Male,0,59,54.08156997898466,7616.39202693288,Month-to-month,DSL,0
CUST375,Female,0,3,36.4824675346762,6234.265490943043,One year,Fiber optic,0
CUST376,Female,1,28,37.058191155709,4929.55915751151,Two year,Fiber optic,1
CUST377,Male,0,35,114.81083201714422,6872.740328650643,One year,No,1
CUST378,Female,1,61,64.52461122847882,5418.6468709008,Month-to-month,DSL,1
CUST379,Male,1,54,98.88022639053597,3324.1405489247923,Month-to-month,No,0
CUST380,Female,1,63,83.96055611776819,7096.396137510009,Two year,Fiber optic,1
CUST381,Female,1,7,87.64263623383923,1853.0136401965456,Two year,Fiber optic,0
CUST382,Female,0,49,33.16934384720385,5745.666071778921,Two year,No,0
CUST383,Male,1,31,43.41844468154856,7064.35129403198,One year,No,0
CUST384,Male,0,58,98.67503351544369,5877.40050565604,Two year,No,0
CUST385,Female,1,61,117.0766206474783,5608.47581052547,Two year,DSL,1
CUST386,Male,0,24,46.26756425986517,6045.842523167505,Month-to-month,Fiber optic,0
CUST387,Male,1,20,47.15687647510399,3773.9364615750906,Month-to-month,No,0
CUST388,Male,0,37,67.28971328109048,7005.948389040505,Two year,Fiber optic,1
CUST389,Male,0,4,118.38403128554378,1707.1481535751204,Two year,DSL,0
CUST390,Male,1,20,46.8958945826471,1106.3526864026803,Month-to-month,DSL,0
CUST391,Male,1,60,60.69719096342639,2355.519362936241,Two year,DSL,0
CUST392,Female,1,24,109.14800156235069,4299.461434522446,One year,DSL,1
CUST393,Female,1,50,20.2921032621362,4133.438183733771,One year,Fiber optic,0
CUST394,Male,0,49,23.97659649885696,6582.730185645034,One year,DSL,0
CUST395,Female,1,51,80.40716770712191,3296.0923855917376,Two year,DSL,1
CUST396,Female,0,36,110.7380164712847,3926.320967702918,Month-to-month,No,1
CUST397,Female,0,66,43.88566604019277,205.60469774922552,Two year,DSL,0
CUST398,Female,1,34,66.9641774680709,3336.9399678992186,Two year,No,0
CUST399,Male,0,36,65.04653016578183,5217.416440307703,Month-to-month,DSL,1
CUST400,Female,0,6,67.29713460955102,222.51581195007824,Month-to-month,DSL,0
CUST401,Female,0,39,82.25196957297452,2318.967524971325,Month-to-month,No,1
CUST402,Male,0,42,66.97437629906838,1742.8552383861804,One year,DSL,0
CUST403,Male,1,58,64.74681413224579,431.684888385747,Two year,Fiber optic,1
CUST404,Female,1,12,67.42884204312605,3886.1547103248463,Month-to-month,Fiber optic,0
CUST405,Female,1,3,79.08674412710415,1535.6140165024365,Two year,DSL,1
CUST406,Female,1,18,73.70074883513584,5970.344163087903,One year,Fiber optic,1
CUST407,Female,0,40,105.41359976505044,6798.630281730453,One year,No,1
CUST408,Female,0,21,24.94968534936666,4410.122943086268,Month-to-month,DSL,1
CUST409,Female,1,15,103.33170714730124,7855.488005917018,Month-to-month,DSL,1
CUST410,Male,1,26,104.3924612611724,3658.7807146177033,Two year,No,0
CUST411,Female,1,8,48.49080215309608,4155.608860776832,Month-to-month,No,0
CUST412,Female,0,42,66.28519550158506,7914.820256266226,Two year,No,1
CUST413,Male,1,44,63.85384885374355,1929.2326441238856,Month-to-month,DSL,0
CUST414,Male,1,14,41.85098343541303,7546.112923447551,Two year,No,0
CUST415,Male,1,2,59.67968470863165,438.4166854409946,Two year,No,0
CUST416,Male,0,37,24.438777217085445,3626.456433079239,Two year,Fiber optic,0
CUST417,Female,0,69,47.782207278173445,653.0277458512196,Two year,Fiber optic,0
CUST418,Female,0,38,101.6682175450718,5860.95446901778,One year,DSL,0
CUST419,Female,0,41,48.45623017628975,4906.430593452141,Two year,Fiber optic,1
CUST420,Female,0,62,101.82066687482477,5682.410681394012,Month-to-month,Fiber optic,0
CUST421,Female,0,60,73.15994646044308,3058.395159747334,One year,No,0
CUST422,Female,0,14,107.986267736116,3018.9072788479043,One year,No,0
CUST423,Male,0,2,77.47795542644153,458.0223037910674,Two year,Fiber optic,1
CUST424,Female,1,70,22.966822306473983,2864.565022284154,One year,Fiber optic,0
CUST425,Male,1,17,87.54202075470891,7441.37837787027,Two year,Fiber optic,0
CUST426,Male,0,28,24.485356802356865,3095.889643725546,Month-to-month,DSL,0
CUST427,Female,0,66,65.05970189831339,6667.804879153563,Two year,DSL,1
CUST428,Male,1,35,112.9426694473114,6754.371487524479,One year,DSL,0
CUST429,Female,0,5,36.520393933785016,3048.6051353959474,Month-to-month,Fiber optic,1
CUST430,Male,0,65,58.98723529415441,5092.710575129893,Two year,Fiber optic,0
CUST431,Female,0,40,92.98603088484784,853.4356579571631,Month-to-month,DSL,1
CUST432,Male,1,56,108.22585560948475,919.0607878007844,Month-to-month,DSL,1
CUST433,Female,1,36,87.09430047425079,484.3955429275352,One year,Fiber optic,1
CUST434,Female,1,45,45.81732541911692,4690.019237663365,Month-to-month,No,0
CUST435,Female,1,23,87.46078529162162,3465.9607232461667,One year,DSL,1
CUST436,Female,1,47,49.672764110409,4429.455617647497,Month-to-month,Fiber optic,1
CUST437,Female,0,31,91.84292298187351,4216.478205016264,Two year,Fiber optic,1
CUST438,Male,1,11,115.40331275850406,2866.603629616769,Month-to-month,No,1
CUST439,Male,0,10,92.13934511062882,5452.039977105436,Two year,Fiber optic,0
CUST440,Male,0,67,106.28805029124123,6092.164859239487,Two year,Fiber optic,0
CUST441,Female,1,14,20.210384317588343,215.56324513363813,Month-to-month,DSL,0
CUST442,Male,1,10,91.75721247315944,1737.2141681741386,Two year,DSL,0
CUST443,Female,0,1,102.95875568652504,5734.563357858361,Month-to-month,No,1
CUST444,Female,0,5,24.05587375446814,3154.2993638072903,Month-to-month,No,0
CUST445,Male,0,20,107.15977272882306,5333.623180838705,Two year,Fiber optic,1
CUST446,Male,1,8,45.66942283100458,2841.005011903012,Two year,DSL,0
CUST447,Female,1,43,86.52921019780553,3186.965703404133,One year,No,0
CUST448,Male,1,1,100.03548790234066,1353.5631021485108,Two year,No,0
CUST449,Female,1,57,86.26645130593555,2140.0250553626643,One year,No,1
CUST450,Female,1,64,29.228479207325723,4882.752884309939,Two year,Fiber optic,0
CUST451,Female,0,28,79.63215188603684,3521.9885793898143,Month-to-month,DSL,0
CUST452,Female,1,37,74.95836567221437,6216.9911952623015,Two year,No,0
CUST453,Female,0,47,110.03212680742716,6835.421144012908,Month-to-month,DSL,1
CUST454,Male,0,37,60.42397296442092,4379.006703912402,Month-to-month,No,0
CUST455,Male,0,49,52.108109708705015,6090.311607242868,Month-to-month,No,0
CUST456,Female,1,44,94.98507644364662,2524.545654237103,One year,DSL,1
CUST457,Female,1,56,61.267532608339664,3378.272601660618,Two year,DSL,1
CUST458,Male,1,28,84.6096175005063,5730.943642112965,Month-to-month,DSL,0
CUST459,Male,0,6,84.64500901246069,3151.074743254542,Month-to-month,Fiber optic,0
CUST460,Female,0,61,108.8039064360118,4749.188987756012,One year,No,0
CUST461,Male,0,20,79.86924023190974,1564.444954751841,Two year,Fiber optic,1
CUST462,Female,0,2,70.21536099619868,4838.193388266934,Two year,DSL,1
CUST463,Male,0,37,33.887132639651696,6905.95828709246,One year,No,1
CUST464,Female,0,20,31.573760667870538,6962.253154605062,One year,Fiber optic,0
CUST465,Male,1,26,35.43215652830794,5822.320810003364,Two year,No,1
CUST466,Female,1,29,37.18484813270945,5991.451694701395,One year,Fiber optic,0
CUST467,Male,1,1,83.7877092663634,4507.626816690536,Two year,DSL,1
CUST468,Male,1,35,94.09812502745784,4718.877912310016,Two year,Fiber optic,1
CUST469,Female,0,70,72.99915229264187,1155.839593143092,Month-to-month,No,1
CUST470,Male,0,59,102.9017732545491,3606.487588528279,Month-to-month,No,0
CUST471,Female,1,69,119.12632267336332,3661.132642702274,Two year,No,0
CUST472,Male,0,33,102.0012629119356,7672.132901775147,Two year,No,0
CUST473,Female,1,51,89.48823736759591,3505.5862147239864,Two year,DSL,0
CUST474,Male,1,12,73.24926994371467,4439.806894731785,Two year,Fiber optic,1
CUST475,Female,1,20,64.88530716747081,4312.68605430491,Two year,DSL,0
CUST476,Male,0,53,28.43923805445424,5130.417564650184,Two year,DSL,1
CUST477,Female,1,43,59.93687483946909,6011.0393675219775,One year,DSL,0
CUST478,Male,1,50,111.01346367821344,1877.8308217498895,Two year,No,0
CUST479,Female,1,29,100.8022629906553,4276.922910877642,One year,No,1
CUST480,Female,0,57,41.60513650116872,6624.74988779664,One year,No,1
CUST481,Female,0,39,66.66077846972158,3758.6062393163406,Two year,Fiber optic,0
CUST482,Male,1,56,101.67232025585446,2299.814616351227,Two year,No,0
CUST483,Female,0,43,26.73845547855225,5272.201695314763,One year,Fiber optic,1
CUST484,Male,0,50,58.73925856686593,6607.762426813071,One year,No,1
CUST485,Female,0,23,105.18412368739476,598.8083141263915,Two year,No,1
CUST486,Male,0,44,60.38978641701237,6236.644818917094,Two year,DSL,1
CUST487,Female,0,38,27.761464473144088,6591.0186703979925,One year,DSL,1
CUST488,Male,0,23,74.25343685322514,3746.031127949994,One year,DSL,0
CUST489,Male,0,45,106.17424949182954,7868.114688865892,One year,Fiber optic,0
CUST490,Female,0,52,79.02855429531597,6314.995891587742,Month-to-month,Fiber optic,0
CUST491,Male,0,50,42.62791082142319,6211.93426267576,One year,No,0
CUST492,Male,0,8,58.42396201373813,6007.924737855367,Month-to-month,Fiber optic,1
CUST493,Female,1,1,65.01233611819322,1289.8040154243647,Two year,No,1
CUST494,Male,1,8,77.92663538205268,1816.1240029787853,Two year,Fiber optic,1
CUST495,Male,0,29,95.93510257526133,3765.5220385689577,One year,Fiber optic,0
CUST496,Male,1,5,29.88736176406354,2185.6343646797804,Two year,Fiber optic,1
CUST497,Female,1,47,108.96520330175665,3380.40368143892,Two year,DSL,1
CUST498,Male,0,34,21.23097030160756,7118.866468391074,Two year,Fiber optic,0
CUST499,Female,0,65,57.005233467425526,6612.182445846227,Two year,DSL,0
CUST500,Male,0,55,22.742030997265765,5077.31503999186,Month-to-month,DSL,0
CUST501,Male,1,43,59.297422534529126,6879.151114583718,Month-to-month,Fiber optic,1
CUST502,Male,1,30,72.58125988733238,6291.801873236269,One year,No,1
CUST503,Female,0,17,71.16813865815118,3488.980961543035,One year,No,0
CUST504,Male,0,26,36.562834702826535,1688.4147011945663,One year,No,0
CUST505,Male,0,8,84.57405100956123,4162.18821607378,Two year,Fiber optic,1
CUST506,Female,1,47,24.477845050466826,5916.208171975546,Two year,No,0
CUST507,Male,1,46,96.19068201324154,3547.7148299637847,Month-to-month,DSL,1
CUST508,Female,1,68,114.66444339935462,5367.498087292788,Month-to-month,No,0
CUST509,Female,1,33,53.97688271511179,845.1866676992446,One year,Fiber optic,0
CUST510,Male,0,1,71.72393817143319,6009.237417334087,Month-to-month,No,0
CUST511,Female,0,19,57.89102780588144,6520.43759715519,Month-to-month,DSL,1
CUST512,Male,0,31,20.671039030406,5684.019060666275,Month-to-month,Fiber optic,1
CUST513,Female,0,14,58.5874502895116,7741.382341458288,Month-to-month,No,0
CUST514,Female,1,53,99.17202592613464,6630.551253939059,Month-to-month,Fiber optic,1
CUST515,Male,1,48,79.59888421834819,7234.4404502246525,One year,Fiber optic,0
CUST516,Female,0,69,30.12599146151589,7475.211559315419,One year,Fiber optic,0
CUST517,Female,0,62,104.7139489693785,6430.649135803088,Month-to-month,No,1
CUST518,Female,1,66,73.10853448852428,5426.644851851343,One year,Fiber optic,1
CUST519,Female,0,64,104.17233617446762,145.17679275023536,Two year,No,1
CUST520,Female,1,70,78.02215187850294,3780.023450462685,Month-to-month,DSL,1
CUST521,Male,0,63,75.96884448379399,4612.182159116652,Two year,No,0
CUST522,Female,0,33,30.52591851970124,2501.839152339197,One year,DSL,1
CUST523,Male,0,41,36.7359733138628,2613.025130537429,One year,No,1
CUST524,Female,0,48,117.20252564965912,7693.159384110305,Two year,Fiber optic,0
CUST525,Male,0,13,42.84867467547708,7144.515835101693,One year,No,0
CUST526,Male,0,31,117.7452117990368,6808.514143463463,Month-to-month,Fiber optic,0
CUST527,Female,0,68,73.19127065242634,3307.493233478274,Two year,DSL,0
CUST528,Female,1,4,33.578904706393715,208.2185482304249,Month-to-month,No,1
CUST529,Female,1,19,29.93022027536929,733.7557470001412,Two year,Fiber optic,1
CUST530,Male,1,70,40.886407070574,2566.3513089190687,One year,DSL,0
CUST531,Female,1,13,112.56373300253358,224.36901266584815,Two year,DSL,0
CUST532,Male,1,23,61.41502243282268,235.48327713006512,Two year,No,1
CUST533,Male,0,1,59.54342679929144,7341.166082975047,Month-to-month,DSL,1
CUST534,Male,0,54,51.32062610701741,5678.652166740527,One year,Fiber optic,1
CUST535,Female,1,71,34.70618505665884,2540.7523215384062,Month-to-month,DSL,1
CUST536,Female,0,15,68.78511971924064,1147.89216304753,One year,DSL,1
CUST537,Male,1,65,33.00477825111387,4141.922171371109,Month-to-month,Fiber optic,0
CUST538,Male,1,71,103.54802363823276,142.23467074947922,Two year,DSL,0
CUST539,Female,0,15,57.03969862753065,7513.468576479338,Month-to-month,DSL,0
CUST540,Male,0,21,57.48035677817963,3377.039443172683,One year,DSL,0
CUST541,Female,0,19,67.40064284831558,3278.446146374929,One year,DSL,1
CUST542,Male,1,60,64.41277131657516,3185.6894998960797,Two year,Fiber optic,0
CUST543,Female,0,33,119.48579730593217,647.6938100633416,One year,DSL,1
CUST544,Male,1,49,74.53811212183025,5142.74569435543,Month-to-month,Fiber optic,1
CUST545,Female,1,35,28.82017037898707,5890.728595063992,Two year,DSL,1
CUST546,Male,1,44,80.687734157693,5441.390640947493,One year,DSL,1
CUST547,Female,0,11,35.158429286988,1193.640397302215,One year,DSL,1
CUST548,Female,0,66,23.0937644731342,4672.837327481181,Month-to-month,DSL,1
CUST549,Male,1,46,117.07421536772482,4598.927424960805,Month-to-month,Fiber optic,1
CUST550,Male,0,9,97.3538891534564,6960.445224736918,Two year,Fiber optic,0
CUST551,Female,0,3,118.01089924137668,3095.1085011676114,One year,Fiber optic,1
CUST552,Male,0,26,67.78784480222424,3034.73895490953,Month-to-month,No,0
CUST553,Female,1,48,73.22575311489761,4986.363763873666,Two year,DSL,0
CUST554,Male,1,66,36.83369559191303,5101.2739626461525,One year,DSL,1
CUST555,Female,0,70,44.69074266675856,3807.353295873744,One year,Fiber optic,1
CUST556,Female,1,28,103.85492149028282,3600.1689624103265,Two year,No,0
CUST557,Female,0,26,55.61856471175942,4003.766598039273,Two year,DSL,0
CUST558,Female,0,25,102.6814973796419,6902.257866076164,Month-to-month,Fiber optic,0
CUST559,Female,0,12,90.90137242870318,3743.218519905889,One year,DSL,0
CUST560,Female,0,5,37.71709252718655,7525.461156561598,One year,DSL,1
CUST561,Male,1,48,70.74463661197422,4081.629732410976,One year,Fiber optic,1
CUST562,Male,1,37,87.73873215187169,7598.685476129042,Two year,Fiber optic,1
CUST563,Male,1,44,43.50372148038251,6679.372024765698,Month-to-month,DSL,0
CUST564,Female,0,15,103.06885105200767,2963.20744866505,One year,DSL,1
CUST565,Female,0,43,74.48276575451868,6922.767228243267,Two year,Fiber optic,0
CUST566,Female,0,48,36.52420504426032,969.4999451888102,One year,DSL,1
CUST567,Female,1,70,78.29844261646025,7407.872685209814,Month-to-month,DSL,0
CUST568,Male,0,46,119.9713804155914,5089.983769154844,One year,Fiber optic,1
CUST569,Male,1,43,35.05214916634135,529.6869133262583,Month-to-month,DSL,1
CUST570,Female,1,21,101.67569301195282,5189.628116841412,Month-to-month,DSL,0
CUST571,Male,1,23,40.7309003187558,7796.556467743573,One year,No,0
CUST572,Male,1,47,98.23883294600871,651.4251714555685,One year,Fiber optic,0
CUST573,Female,1,15,93.45779231214132,4482.032907262682,Month-to-month,No,0
CUST574,Male,1,25,50.04893856004324,6007.575363099042,Two year,No,0
CUST575,Female,0,36,52.58231175644498,6501.0428349262975,Month-to-month,No,1
CUST576,Male,0,51,99.25213919629192,3369.236976034287,One year,DSL,0
CUST577,Female,1,15,66.14455118873127,1712.9158174291197,One year,DSL,1
CUST578,Female,1,68,93.08180287118088,434.5040023018323,Two year,No,1
CUST579,Female,0,21,34.798414736583474,4679.836641068076,Month-to-month,No,1
CUST580,Female,1,13,105.25577819015535,3677.997455114125,Month-to-month,No,1
CUST581,Male,1,19,91.08847166823192,7595.080721682717,Month-to-month,DSL,1
CUST582,Female,0,34,110.6942808834834,578.7787709477873,One year,No,0
CUST583,Female,1,68,33.237237903497245,5514.623213223445,Month-to-month,No,0
CUST584,Female,1,52,79.30145003605978,297.2331547484516,Two year,Fiber optic,1
CUST585,Male,1,27,79.91205850403252,1454.3299960132877,One year,Fiber optic,1
CUST586,Female,0,29,55.34607405467825,3683.274099390389,One year,DSL,0
CUST587,Male,0,28,65.84664245692578,3693.492298142659,Month-to-month,Fiber optic,0
CUST588,Female,0,35,23.798156328985343,5517.034289175787,Two year,Fiber optic,1
CUST589,Male,1,8,94.5860038627012,7290.682975455277,One year,Fiber optic,0
CUST590,Male,1,16,74.93224794031741,5148.354055427874,One year,DSL,0
CUST591,Female,0,36,25.774105186917375,7632.927273026919,Month-to-month,Fiber optic,0
CUST592,Male,1,30,88.07558929604855,7064.763555036181,Month-to-month,DSL,1
CUST593,Female,1,18,66.67820772311879,4717.548384693243,Two year,No,0
CUST594,Female,1,2,23.4461259425,6686.956412258735,Month-to-month,Fiber optic,1
CUST595,Female,1,49,116.96077268480954,5176.363121556708,Two year,DSL,1
CUST596,Male,1,4,114.91121430894404,720.6068642974444,One year,Fiber optic,1
CUST597,Male,0,7,71.29024161471975,5950.461313750128,Two year,No,1
CUST598,Female,1,39,29.36724207059102,849.776686012035,Two year,DSL,1
CUST599,Female,0,13,95.46212215985918,4793.253966500728,Two year,DSL,0
CUST600,Male,1,31,69.1931100105729,5650.857626280008,One year,DSL,1
CUST601,Female,0,71,50.24474782893799,625.5681048657564,Month-to-month,No,1
CUST602,Female,1,63,69.14181775285567,1923.277766019601,One year,No,1
CUST603,Female,0,56,72.24441454054644,7333.8106348670335,Month-to-month,No,0
CUST604,Male,1,42,76.27116990223392,4968.884488639881,Two year,DSL,0
CUST605,Male,0,61,64.12237136553264,2045.6595486031997,Two year,No,0
CUST606,Male,1,42,80.57553031390566,5556.370192069252,Two year,Fiber optic,0
CUST607,Female,0,56,111.87347106063774,4814.533717697348,Two year,No,0
CUST608,Female,1,36,56.22680870985912,4062.448029351792,Two year,DSL,0
CUST609,Female,0,68,92.5716463219949,7811.877102405861,Month-to-month,Fiber optic,0
CUST610,Male,0,7,109.44525568242322,5499.28484151932,Month-to-month,No,1
CUST611,Female,1,54,65.5979275759937,3065.98476637651,Two year,Fiber optic,1
CUST612,Female,1,1,64.34558363819042,6420.580113407257,One year,Fiber optic,0
CUST613,Female,0,44,80.21169853547795,7088.208014077383,One year,DSL,1
CUST614,Female,1,45,79.1406759422488,1089.242420182968,Two year,Fiber optic,1
CUST615,Male,0,47,100.6589342326277,1684.3685249776054,Month-to-month,Fiber optic,0
CUST616,Male,0,13,67.64833837782928,1808.19337210946,One year,DSL,1
CUST617,Female,0,22,119.61229496394412,5560.573294153669,One year,DSL,1
CUST618,Male,1,21,25.94715688672808,4864.012484920939,One year,DSL,0
CUST619,Male,0,9,20.31678485807017,4990.033361118846,Two year,Fiber optic,1
CUST620,Female,0,26,84.01983115596238,7532.109067547058,One year,Fiber optic,0
CUST621,Female,1,9,49.84349123618768,6229.701109177717,One year,Fiber optic,0
CUST622,Male,1,15,44.03823886994838,1110.701703643087,One year,DSL,1
CUST623,Female,1,10,51.18990800042805,2845.30595115893,One year,No,1
CUST624,Male,1,42,45.60475651049544,3539.6098047883115,Month-to-month,Fiber optic,1
CUST625,Female,0,24,23.079004966044785,3228.0965511060786,Two year,No,0
CUST626,Male,0,49,117.15330423905888,5387.538012378845,Two year,DSL,0
CUST627,Female,0,26,42.07454884527817,7145.955515726844,Month-to-month,Fiber optic,0
CUST628,Male,0,37,93.40297625893064,2517.806561830025,Month-to-month,No,1
CUST629,Male,1,68,96.25963946941752,4459.829377727367,Two year,Fiber optic,1
CUST630,Male,0,50,112.92573980072292,6336.334433117327,One year,Fiber optic,0
CUST631,Female,0,24,23.054945709338,3388.12266487826,One year,Fiber optic,1
CUST632,Male,1,19,107.20483384470076,1428.133214354437,Two year,No,1
CUST633,Male,0,60,72.72261808398002,3852.112625583611,One year,DSL,0
CUST634,Female,0,39,83.25441099658279,536.2579138699249,Month-to-month,Fiber optic,0
CUST635,Female,0,18,84.44702771210336,7544.829286617987,One year,DSL,1
CUST636,Male,0,19,101.97978049847276,691.087521040287,One year,DSL,0
CUST637,Male,0,36,53.34073221591105,3563.808050479568,One year,No,1
CUST638,Female,0,55,93.30511898599934,4286.061962599357,Two year,No,0
CUST639,Female,1,69,72.85781097221971,7883.900275069555,Month-to-month,DSL,0
CUST640,Female,1,47,99.33940143053478,1411.5724067786002,One year,Fiber optic,0
CUST641,Female,0,49,119.05460327701334,1004.0089970376326,Two year,No,1
CUST642,Female,0,33,40.06510174037612,168.7785617940943,One year,Fiber optic,1
CUST643,Male,1,21,119.4648641559998,1329.014351267488,Month-to-month,Fiber optic,0
CUST644,Female,0,22,28.9812154282774,1737.4565346345742,One year,Fiber optic,0
CUST645,Male,0,48,20.231754790481386,5081.589438506429,Month-to-month,DSL,0
CUST646,Male,0,37,24.41619361778313,1835.683644092063,One year,Fiber optic,1
CUST647,Male,1,15,54.17824047367617,262.1144363616692,Month-to-month,DSL,0
CUST648,Female,0,35,83.29063306784342,6630.284929469661,One year,DSL,0
CUST649,Male,1,71,26.902954088784963,2988.206037931337,Month-to-month,Fiber optic,0
CUST650,Male,0,32,20.56658145295673,2894.203823987798,One year,Fiber optic,0
CUST651,Female,1,11,113.70910284587949,2489.58433042662,One year,Fiber optic,1
CUST652,Male,1,10,102.19266359399296,7805.448889456725,Two year,Fiber optic,1
CUST653,Male,0,57,100.9183171139031,1443.9117967433235,Two year,DSL,0
CUST654,Female,1,25,108.4424275501977,7196.080705230557,Month-to-month,Fiber optic,1
CUST655,Male,0,2,90.00342727721043,6236.746323905115,One year,Fiber optic,1
CUST656,Male,1,64,30.440412974808144,704.1916484445733,Month-to-month,DSL,1
CUST657,Male,0,35,59.9100188073723,7895.159901856705,Two year,No,0
CUST658,Female,0,7,92.31494864646297,2243.791111958183,Month-to-month,No,1
CUST659,Female,1,18,48.03344607915209,878.8051234770575,Month-to-month,DSL,1
CUST660,Female,0,67,88.74063641362376,6651.582449593499,Two year,No,1
CUST661,Male,0,42,22.44984482676524,5682.736716053829,One year,DSL,0
CUST662,Male,1,39,50.61373408795932,4976.028566435416,Month-to-month,Fiber optic,0
CUST663,Female,0,41,74.91303362771727,1332.248823221572,Two year,Fiber optic,1
CUST664,Male,0,24,83.20898295062423,3880.119318422099,One year,No,1
CUST665,Male,1,60,77.70406644619109,6266.392612408989,Two year,Fiber optic,0
CUST666,Female,1,46,89.77562760734295,2498.629111336338,Month-to-month,No,0
CUST667,Female,0,19,20.608874823983907,2562.3496452688278,One year,No,1
CUST668,Male,0,68,30.09411999775215,124.81315778016472,One year,Fiber optic,1
CUST669,Male,1,42,106.89442522791452,1476.5228729984983,Two year,Fiber optic,0
CUST670,Male,1,32,88.17486440901612,7015.7044384624905,Two year,No,0
CUST671,Female,0,39,31.29316426860113,3589.797283937886,Two year,Fiber optic,1
CUST672,Female,1,36,104.20744373985792,7875.4525439520285,One year,DSL,0
CUST673,Female,0,36,44.22312178245669,3226.092912232961,One year,Fiber optic,1
CUST674,Female,0,3,67.82598841952235,5749.9729927639055,Month-to-month,Fiber optic,1
CUST675,Male,0,8,34.51965128846603,2327.16043894736,One year,DSL,1
CUST676,Female,0,70,91.01100564217066,2974.0961650133745,Month-to-month,Fiber optic,0
CUST677,Female,0,41,86.68544210142679,1606.7353019680677,Two year,Fiber optic,1
CUST678,Female,1,68,41.11124711661362,2841.7927111452204,Two year,No,1
CUST679,Female,1,13,106.34007668570018,4423.17641132308,One year,Fiber optic,0
CUST680,Female,1,49,60.13060242197122,7935.00575973607,Two year,Fiber optic,0
CUST681,Male,1,60,49.251509107074185,5347.193533267106,Two year,DSL,1
CUST682,Male,0,2,35.23295894645354,1674.043039825681,One year,No,1
CUST683,Female,0,60,46.61680125155375,455.1953885732539,Month-to-month,No,0
CUST684,Male,0,5,22.2026921223817,1098.2162023846338,One year,No,0
CUST685,Female,0,44,78.32574924561156,4544.186090057075,Month-to-month,Fiber optic,0
CUST686,Female,1,27,104.2230746343948,6144.766597652454,One year,No,1
CUST687,Male,0,32,74.89804494416418,7529.311737675901,One year,DSL,1
CUST688,Male,0,21,41.927396192387576,225.00305877488444,Two year,No,1
CUST689,Female,1,8,23.366917821387272,4229.805118338772,One year,DSL,0
CUST690,Female,1,50,41.46280732588029,3819.852114163096,One year,No,1
CUST691,Female,1,67,61.61214280710923,5282.834673608061,Month-to-month,No,0
CUST692,Male,1,44,95.96114286997964,4520.672950276201,Two year,DSL,1
CUST693,Female,0,58,38.78428525377741,5527.609289601596,Month-to-month,No,0
CUST694,Female,0,3,91.97914533546862,5298.852419518604,Month-to-month,No,1
CUST695,Female,1,70,106.69334683518836,1024.3926263777748,Two year,No,1
CUST696,Male,0,2,65.39468481083571,6417.771517587885,Two year,Fiber optic,0
CUST697,Female,0,44,102.14319916425931,1073.5373481589663,Two year,DSL,0
CUST698,Female,0,2,75.46573480350956,5618.391939152183,One year,No,1
CUST699,Male,1,35,83.7090837080905,3387.548404360793,Two year,DSL,0
CUST700,Female,0,30,72.62784603382028,4159.420803155123,Two year,DSL,0
CUST701,Female,1,8,66.31727167513418,7236.054313568114,Two year,DSL,1
CUST702,Male,0,22,43.46534417758494,7130.081439140544,Month-to-month,No,0
CUST703,Female,0,44,50.31940594610461,6561.0648146747335,Month-to-month,No,1
CUST704,Male,0,58,48.9970118943609,4130.172205604954,One year,DSL,1
CUST705,Male,1,36,76.32889309538147,5916.294500057282,Month-to-month,Fiber optic,0
CUST706,Female,0,69,31.995369302388998,4151.886738598594,One year,DSL,0
CUST707,Female,1,31,111.67916907023351,6969.888051550742,Month-to-month,Fiber optic,1
CUST708,Female,1,47,92.06551452831133,3281.9290825399094,Two year,DSL,1
CUST709,Female,1,55,60.14456309131936,7764.859220877527,Month-to-month,DSL,1
CUST710,Male,0,62,35.86241445263779,7465.349790008133,One year,DSL,1
CUST711,Female,0,30,108.19921697216358,5958.660693669106,Month-to-month,No,1
CUST712,Male,0,55,102.37780901011652,2307.385484990969,Two year,Fiber optic,1
CUST713,Female,0,16,92.17215527171793,1140.063351466741,One year,Fiber optic,0
CUST714,Female,1,12,47.15470474112424,6852.15725573626,Two year,DSL,0
CUST715,Female,1,17,60.24466374336689,1405.888060489894,Two year,No,0
CUST716,Male,1,16,30.274825245242337,6848.660233078952,One year,No,1
CUST717,Female,0,12,38.903952472753176,3977.043553027648,Two year,Fiber optic,0
CUST718,Female,1,8,98.30166373167329,3311.7985920840238,Two year,No,1
CUST719,Female,0,3,91.50387188506838,7235.20715279199,Month-to-month,Fiber optic,1
CUST720,Female,1,16,79.34857629759347,4870.422762068196,Two year,Fiber optic,0
CUST721,Male,0,30,109.57267259261728,4655.250656324771,Two year,Fiber optic,1
CUST722,Female,0,23,78.32665178130455,4514.250962532741,Two year,No,1
CUST723,Male,1,5,66.69679999636108,3032.239176554298,Two year,Fiber optic,1
CUST724,Male,1,65,54.03707463057627,6306.580517880106,One year,Fiber optic,1
CUST725,Male,1,30,114.04485057361724,2097.107707724607,Month-to-month,DSL,1
CUST726,Male,1,21,28.27154615243535,7517.270184326073,Two year,Fiber optic,1
CUST727,Male,0,70,113.08873720608084,7162.48311987099,Two year,Fiber optic,0
CUST728,Male,1,22,102.67146599310183,2766.094572831696,One year,DSL,1
CUST729,Female,1,32,32.992992453570125,5862.763781670144,Two year,DSL,1
CUST730,Male,1,33,76.49843576752536,4628.463236151772,One year,No,1
CUST731,Male,0,16,106.65479817490868,2767.429485793953,Month-to-month,Fiber optic,1
CUST732,Male,0,38,77.18091636071537,7909.321019164029,Month-to-month,No,0
CUST733,Female,1,14,110.71998215606224,299.37503220128724,Two year,No,0
CUST734,Female,0,36,114.29838168160424,2095.903641908165,Two year,DSL,1
CUST735,Male,1,23,62.23845221843059,4208.585082778088,Two year,No,1
CUST736,Female,0,66,57.73136614063236,4223.428727480655,One year,Fiber optic,1
CUST737,Male,0,2,113.63211539691568,4752.571292069957,Two year,DSL,0
CUST738,Male,0,65,87.5140061149668,6038.241758981062,Two year,Fiber optic,0
CUST739,Female,0,67,31.602268134816928,5025.4748611024415,Month-to-month,Fiber optic,0
CUST740,Male,1,52,24.22917492226812,4842.223538171492,Two year,DSL,0
CUST741,Female,1,62,76.46290509972631,522.764257013042,Month-to-month,Fiber optic,1
CUST742,Female,1,23,113.01709654384246,3074.589273535457,Two year,DSL,0
CUST743,Male,0,26,104.42487024058184,1933.2403436391323,Month-to-month,Fiber optic,0
CUST744,Male,1,68,87.58477464643364,2196.423881655606,Two year,DSL,1
CUST745,Female,1,55,33.91158488910875,4479.266047288725,Month-to-month,No,1
CUST746,Male,1,6,45.42313837486956,1676.0919879439066,One year,Fiber optic,0
CUST747,Male,0,35,107.55112265526162,2422.1978980334907,Month-to-month,DSL,0
CUST748,Male,0,22,38.28072366569005,1972.9691972869864,Month-to-month,Fiber optic,0
CUST749,Female,0,43,47.84394082504346,7593.173251423738,Month-to-month,Fiber optic,0
CUST750,Female,1,15,32.9600651195442,7562.859284151652,Two year,Fiber optic,1
CUST751,Male,1,60,87.61082314144112,4918.538312908809,Two year,DSL,1
CUST752,Female,1,12,114.39823053632097,7403.727502982009,Two year,No,0
CUST753,Female,0,49,46.89680315953859,6307.919899200148,One year,No,0
CUST754,Female,0,42,67.54066078500736,4760.588274134289,One year,No,0
CUST755,Female,1,38,83.43397397112042,150.83817082468613,Month-to-month,DSL,0
CUST756,Female,0,45,119.94662482156306,6202.878660027292,One year,No,0
CUST757,Male,0,35,30.48080649975721,5649.657898548904,Month-to-month,DSL,1
CUST758,Male,0,30,69.85707995057092,4960.50386093107,Month-to-month,Fiber optic,1
CUST759,Male,0,30,58.51201199025,6107.352062291527,Month-to-month,Fiber optic,1
CUST760,Female,1,6,106.58201652223552,4152.08510172065,One year,No,0
CUST761,Female,0,67,67.59677310116558,5662.257843438579,Two year,DSL,0
CUST762,Male,0,7,31.097752458514808,7487.859485139297,One year,Fiber optic,1
CUST763,Female,0,52,83.44241452865836,3068.859625184082,Month-to-month,DSL,1
CUST764,Male,0,14,97.07806182638798,5694.162495714941,Month-to-month,DSL,0
CUST765,Male,1,15,20.28812516656146,3857.9337622865737,One year,Fiber optic,1
CUST766,Male,1,21,105.89566854206296,5427.757249330454,Month-to-month,DSL,0
CUST767,Female,0,35,38.60230000056656,6126.857350879476,Month-to-month,Fiber optic,0
CUST768,Female,0,66,75.20693646533778,459.0747534427881,One year,Fiber optic,1
CUST769,Male,0,2,61.57975006874501,5208.143507194429,One year,Fiber optic,1
CUST770,Male,0,35,91.96538166105304,1891.255356814862,One year,DSL,1
CUST771,Male,0,20,57.116161478574185,5393.257048679778,Month-to-month,Fiber optic,0
CUST772,Male,0,10,106.97631766817108,3799.8084688771264,Month-to-month,DSL,0
CUST773,Female,1,25,93.04963609587902,6211.066660732609,Two year,Fiber optic,1
CUST774,Female,0,66,84.77131710629214,1074.8664401242115,Two year,Fiber optic,0
CUST775,Male,1,25,99.62405955628545,5047.946578083941,One year,No,0
CUST776,Male,1,54,95.40230349283824,2299.918758527663,Two year,No,0
CUST777,Female,0,33,23.593867492155333,6838.557763111673,Month-to-month,No,1
CUST778,Female,1,36,59.47343538448281,7434.229694526829,Two year,DSL,0
CUST779,Male,1,14,113.080729731649,7971.546520064538,Month-to-month,DSL,1
CUST780,Male,1,65,32.57242689922262,6388.458479175538,One year,Fiber optic,1
CUST781,Male,1,54,93.70965504320512,6054.499156381236,One year,Fiber optic,0
CUST782,Female,1,52,117.45918113353297,1802.4559950536527,Month-to-month,Fiber optic,1
CUST783,Female,1,3,25.219862904497163,2754.4557660218597,Two year,Fiber optic,0
CUST784,Female,0,41,88.21938806266104,3778.892079922008,One year,DSL,1
CUST785,Male,1,6,66.81541413010304,6209.710277479772,One year,Fiber optic,1
CUST786,Male,1,25,77.91752553747222,7328.230334115952,Two year,Fiber optic,0
CUST787,Female,1,13,28.534133648432487,1594.1988901815785,Two year,No,1
CUST788,Female,0,8,24.30069518669395,7386.703128893812,Month-to-month,Fiber optic,1
CUST789,Male,1,21,86.68666605509218,5595.434753597058,Two year,Fiber optic,1
CUST790,Female,0,68,102.3309429820718,4925.088772411805,Two year,Fiber optic,0
CUST791,Female,1,25,98.20153349329672,1678.746043127322,Two year,DSL,0
CUST792,Male,0,68,74.38057278662373,538.6477591922894,Month-to-month,No,1
CUST793,Female,0,45,29.986682113617817,4590.8726982127255,Month-to-month,Fiber optic,1
CUST794,Male,1,60,88.80444438360138,5246.97389829825,One year,Fiber optic,1
CUST795,Male,1,12,44.18888835541459,1765.173449902037,Month-to-month,No,0
CUST796,Male,0,32,111.10687027673836,4496.004026021105,One year,Fiber optic,0
CUST797,Male,1,13,103.82653595457047,6866.297881824331,Two year,DSL,1
CUST798,Male,0,31,90.93829670873907,6697.020969094658,One year,Fiber optic,0
CUST799,Male,0,20,114.88459558311304,7426.105926631748,One year,DSL,0
CUST800,Male,0,18,23.14218215112729,2990.4978954993558,Two year,DSL,0
CUST801,Female,0,60,93.6200425060762,2612.591623152258,One year,Fiber optic,0
CUST802,Male,0,63,53.02427793364053,6020.465447248388,Month-to-month,No,1
CUST803,Male,1,6,110.60658856863652,3505.78800026634,Month-to-month,DSL,0
CUST804,Female,0,32,46.66751966619776,791.6344458194668,Month-to-month,No,0
CUST805,Female,0,43,92.48564993150173,2334.128932296948,Month-to-month,Fiber optic,1
CUST806,Female,1,2,107.76470196507816,3406.800055698764,One year,DSL,1
CUST807,Male,0,60,24.16568183826824,2410.8797612623907,One year,Fiber optic,0
CUST808,Female,1,23,59.764757959203614,2724.424010483841,Two year,No,0
CUST809,Male,1,31,96.23090320219389,2420.8296587776867,One year,Fiber optic,1
CUST810,Male,1,5,65.4918889507587,427.8434207463276,One year,Fiber optic,1
CUST811,Male,0,34,46.72526297935953,5133.048136513096,One year,DSL,1
CUST812,Male,0,10,41.980534882319006,4818.610120792408,Two year,Fiber optic,0
CUST813,Female,0,2,33.151826691637794,5261.729637981577,Month-to-month,Fiber optic,0
CUST814,Female,1,11,105.71295598562824,1619.248178665657,One year,Fiber optic,1
CUST815,Male,0,50,77.53554032515561,2435.6708787386337,Two year,DSL,0
CUST816,Male,1,31,27.6384944991456,4994.965822864886,Two year,No,1
CUST817,Male,0,56,58.25803235706354,4837.057790833379,Two year,No,0
CUST818,Female,1,9,56.77336508051099,4100.009443898716,Month-to-month,Fiber optic,1
CUST819,Male,0,21,38.1739190709463,2868.2646750805598,One year,DSL,1
CUST820,Male,0,28,63.550762547219065,7312.15493772005,Two year,Fiber optic,0
CUST821,Female,0,62,53.209936539313645,2784.184914160866,Month-to-month,No,0
CUST822,Female,1,7,54.18037054921825,3699.391335854288,Two year,DSL,0
CUST823,Male,1,16,93.90265577879586,5457.099264538249,Two year,No,0
CUST824,Female,0,4,42.32633855051963,4389.869303847437,Two year,No,0
CUST825,Female,0,4,84.18599588553555,2840.399213278646,Two year,DSL,0
CUST826,Male,1,40,77.06496238809349,3541.593844606428,Two year,DSL,1
CUST827,Female,1,17,76.80925123378672,6376.398461042698,Month-to-month,Fiber optic,0
CUST828,Male,1,52,86.30073461417759,2297.220328344238,One year,Fiber optic,1
CUST829,Female,0,52,74.8382036195654,1223.816394236842,One year,No,1
CUST830,Male,1,36,107.92551148463846,2573.989294455239,One year,DSL,0
CUST831,Male,0,38,87.55800919502597,6811.32030235442,One year,DSL,1
CUST832,Male,1,50,74.69632513713881,803.0187473651386,Month-to-month,Fiber optic,1
CUST833,Female,0,63,102.97631202876448,7934.398979642369,Month-to-month,No,0
CUST834,Male,1,63,80.61465649334798,4373.922901528534,Month-to-month,No,0
CUST835,Female,1,62,49.1144247785179,7880.281377340043,Two year,Fiber optic,0
CUST836,Male,1,7,40.70949181765712,7518.071734479223,Two year,DSL,1
CUST837,Male,1,27,35.23277856626788,3677.228342266242,Two year,Fiber optic,0
CUST838,Female,1,14,109.94552125461016,1668.079489382258,One year,Fiber optic,0
CUST839,Male,0,71,91.01354317980658,1402.5897348645938,Two year,Fiber optic,0
CUST840,Male,1,5,113.73784381643208,1995.9159745726645,One year,Fiber optic,0
CUST841,Female,1,55,80.3291805714943,5710.047860459845,Two year,DSL,1
CUST842,Male,1,2,67.34008814949127,2256.304958378754,One year,Fiber optic,0
CUST843,Male,0,62,25.971648897088933,2797.259629873957,Two year,DSL,1
CUST844,Male,1,21,87.16422815460298,3645.352551557457,Two year,Fiber optic,0
CUST845,Male,0,21,78.22087597682312,7314.538175329505,Month-to-month,No,1
CUST846,Female,1,10,119.02088935876216,1596.208001290284,Two year,DSL,1
CUST847,Female,1,58,43.9158777782243,139.7097656174446,Two year,No,1
CUST848,Male,0,39,73.07373552868359,574.7616419875442,Month-to-month,Fiber optic,0
CUST849,Female,1,5,85.09573351180727,7247.6540992729315,One year,Fiber optic,1
CUST850,Male,0,65,84.45911747423436,5215.380072262568,Month-to-month,Fiber optic,0
CUST851,Female,0,13,76.12935429484027,2257.020892689673,Month-to-month,DSL,0
CUST852,Male,1,53,97.69280103272254,1499.8207579884097,One year,No,0
CUST853,Male,0,45,40.498120952681646,2424.707219433203,Two year,DSL,0
CUST854,Male,1,32,92.5627200274416,1006.8957252851128,One year,DSL,0
CUST855,Male,1,36,81.97345714330892,7538.1099912470845,Two year,Fiber optic,1
CUST856,Male,0,60,109.60751117945732,6295.228777485608,Two year,No,0
CUST857,Male,0,11,104.71944390335815,3752.890297609072,One year,Fiber optic,1
CUST858,Female,0,63,51.514703913255325,6933.204580410095,Month-to-month,DSL,1
CUST859,Male,0,21,47.623732497515306,2070.719813916535,One year,Fiber optic,1
CUST860,Female,1,52,118.16533238524478,5765.252490930329,Two year,No,1
CUST861,Male,1,55,72.72651809152566,6863.446742208574,One year,Fiber optic,1
CUST862,Female,0,26,110.64209639144369,2918.472821823854,One year,No,1
CUST863,Female,1,68,36.38810237804822,6083.96911906067,Two year,No,1
CUST864,Female,1,34,84.28189148001742,2431.071559188044,Month-to-month,Fiber optic,0
CUST865,Male,1,52,100.9860187360586,2460.9713685463435,One year,DSL,1
CUST866,Male,1,52,114.73952495864468,945.7517105780698,Two year,Fiber optic,0
CUST867,Female,0,29,53.73401410170235,3576.45856742425,Two year,DSL,1
CUST868,Male,0,38,92.49811699240524,5864.724061329635,One year,DSL,1
CUST869,Female,1,42,73.8813009039619,7527.744364013151,Month-to-month,Fiber optic,1
CUST870,Male,0,21,26.06289260664682,4869.996236239859,One year,DSL,1
CUST871,Female,0,42,88.99997373089434,6918.770748112338,Month-to-month,DSL,0
CUST872,Female,0,13,89.00965582378434,6597.707729392794,Month-to-month,Fiber optic,0
CUST873,Male,1,64,113.0606804846537,1469.4101185047186,Month-to-month,Fiber optic,0
CUST874,Female,1,17,69.73124461689724,3937.9576884097887,Month-to-month,Fiber optic,1
CUST875,Male,1,9,43.02509207105147,1023.6959306505928,One year,DSL,1
CUST876,Female,0,41,24.456382344867915,5489.009976336916,Two year,No,1
CUST877,Female,1,1,61.56421866859057,7604.207379144,Two year,DSL,0
CUST878,Male,1,2,50.19167000775018,1183.0067188221765,Two year,No,1
CUST879,Male,0,60,96.10883060238756,5897.676733340077,Two year,Fiber optic,0
CUST880,Male,1,48,55.42677648410466,5094.681391856101,Two year,No,0
CUST881,Female,1,29,114.9071196314844,4710.479792363988,Two year,Fiber optic,1
CUST882,Male,0,10,116.23102029877842,3181.94985403788,One year,Fiber optic,1
CUST883,Female,0,58,82.0908590217708,2905.5400172551194,Month-to-month,No,0
CUST884,Female,0,60,112.86602870148828,457.4685932492141,Two year,Fiber optic,0
CUST885,Male,1,21,96.08543445144956,1821.4787951909063,One year,No,0
CUST886,Male,1,28,74.68596409751262,219.89737006593248,Two year,Fiber optic,1
CUST887,Female,1,34,38.03079354227781,4693.195134097962,Two year,DSL,1
CUST888,Female,0,8,65.859794351384,936.24056343548,Month-to-month,DSL,1
CUST889,Male,0,59,76.08744633626176,6996.853212834757,Month-to-month,Fiber optic,1
CUST890,Male,1,49,106.396158073501,4232.829863507605,Month-to-month,Fiber optic,1
CUST891,Male,1,17,68.13333765356649,5627.5502815637965,Two year,No,1
CUST892,Male,0,60,109.76746726779568,3345.771025539922,Two year,DSL,0
CUST893,Male,0,45,87.43489790234689,4528.580491108284,Two year,No,0
CUST894,Female,0,69,33.699906305367136,7547.007498036381,Month-to-month,Fiber optic,0
CUST895,Female,0,32,119.4981369325093,753.5989130269991,One year,Fiber optic,1
CUST896,Female,1,44,72.72326607539127,2106.1083981972,Two year,No,0
CUST897,Female,0,65,59.18582964090789,6261.9077825933,Two year,Fiber optic,1
CUST898,Male,1,8,85.91137644695266,880.0239343730602,Two year,DSL,1
CUST899,Male,1,43,30.889331398103906,697.7227208424757,One year,No,0
CUST900,Male,1,1,83.65386467533543,2956.177050156905,Two year,DSL,1
CUST901,Female,0,51,69.8236000499273,828.1268719322153,One year,DSL,0
CUST902,Female,0,24,60.66740699985832,4722.119693429005,Two year,DSL,0
CUST903,Male,0,24,115.30200211788993,1887.5744814511384,One year,No,1
CUST904,Male,0,17,72.25397167320531,7176.013909275041,Two year,Fiber optic,0
CUST905,Female,1,5,41.91174794699384,6289.650638677528,Month-to-month,DSL,0
CUST906,Female,0,20,65.89634793772987,5627.671128185862,Month-to-month,DSL,0
CUST907,Male,0,21,111.93874045726729,4973.857816337565,Month-to-month,DSL,0
CUST908,Male,1,58,37.609547133059465,6921.379269697561,Month-to-month,Fiber optic,1
CUST909,Female,0,31,41.39570386882369,1862.1902861877795,Two year,Fiber optic,0
CUST910,Male,1,11,21.30295677570837,6997.559857837398,Month-to-month,No,0
CUST911,Male,1,52,21.41900493957672,6336.989157550013,One year,Fiber optic,0
CUST912,Male,1,15,102.93916269585124,6010.470528462716,Month-to-month,No,1
CUST913,Female,1,7,93.2122606842956,4533.9198567919,Month-to-month,No,0
CUST914,Female,1,28,55.50410564519583,2045.3288716677407,Month-to-month,No,1
CUST915,Female,1,51,89.83111572275727,3446.028536335981,Two year,No,0
CUST916,Female,1,58,59.52059263099702,6369.208170856533,Month-to-month,No,0
CUST917,Female,1,5,115.28967959978274,351.0500264228631,One year,DSL,0
CUST918,Female,0,5,116.70526814260349,6278.20107718369,Month-to-month,Fiber optic,1
CUST919,Female,0,8,59.27937758093434,1996.5588498517752,Month-to-month,DSL,1
CUST920,Male,0,64,105.4221906340868,1240.042685700664,Month-to-month,No,1
CUST921,Male,0,10,97.3089041697466,1014.040413624387,One year,Fiber optic,1
CUST922,Male,1,38,50.99999371717893,315.27509441143934,Month-to-month,DSL,1
CUST923,Male,0,8,43.2039828901106,4236.333233249478,One year,DSL,1
CUST924,Male,1,25,65.82346503928338,1824.2529942804629,One year,No,0
CUST925,Male,0,66,98.13488406144064,7916.510949659089,Month-to-month,DSL,1
CUST926,Male,0,50,116.01677847287456,4638.050371390425,One year,DSL,0
CUST927,Female,0,67,96.35790688665726,1189.2936279124824,Two year,DSL,1
CUST928,Female,1,49,105.520698501837,5541.2240724097865,Month-to-month,DSL,1
CUST929,Male,0,36,80.30643061705166,7192.17417542683,Month-to-month,DSL,1
CUST930,Male,1,68,103.5407830842126,5986.918013419953,One year,No,0
CUST931,Female,1,41,98.44208580034176,703.8749022116366,One year,No,1
CUST932,Male,0,62,57.69855419262801,7177.48503142201,Month-to-month,DSL,1
CUST933,Male,0,10,75.1990302120721,6372.042148293722,Two year,No,0
CUST934,Female,0,21,100.47531219896948,1350.6008108343533,One year,No,0
CUST935,Male,1,36,24.60567341899564,509.1085209892533,One year,Fiber optic,0
CUST936,Female,0,12,100.807928235583,4502.7535449830375,Two year,DSL,0
CUST937,Male,1,2,37.788812404902345,1332.6829095858177,Two year,No,1
CUST938,Female,1,13,71.46836171214389,6693.268525502649,Month-to-month,No,0
CUST939,Female,0,53,100.82754395559375,2930.8437877062224,Two year,DSL,1
CUST940,Female,0,32,45.382107815669485,7311.850313418946,Month-to-month,Fiber optic,1
CUST941,Male,1,16,44.5807439306153,4568.9365599139455,Two year,DSL,0
CUST942,Female,1,32,60.27643984622519,1543.1118354933783,One year,Fiber optic,1
CUST943,Male,1,32,109.46427975776344,1202.8310521424207,Month-to-month,DSL,0
CUST944,Male,0,11,20.04427814372079,4654.132256706256,Month-to-month,DSL,1
CUST945,Male,1,10,110.1383096641935,6118.880533713307,Month-to-month,DSL,0
CUST946,Male,0,15,35.38070246416078,6273.894617163239,Two year,DSL,0
CUST947,Female,1,17,119.0086376067482,2278.4834950861223,One year,Fiber optic,0
CUST948,Female,1,40,115.4846993038468,1713.549395406123,Month-to-month,Fiber optic,0
CUST949,Male,0,18,69.46751895912834,232.37480548982103,Month-to-month,No,0
CUST950,Male,1,55,71.27202478126281,5465.673294489238,Month-to-month,DSL,0
CUST951,Female,0,25,68.15493402758543,704.889241624958,Month-to-month,Fiber optic,1
CUST952,Male,0,59,83.54436456595226,3424.013493950814,One year,Fiber optic,1
CUST953,Female,1,22,29.072170223493103,4853.289095744539,Two year,Fiber optic,1
CUST954,Male,0,30,23.26179483415665,7503.160664865448,One year,DSL,0
CUST955,Male,0,44,25.770292841589885,2563.2368819505723,Month-to-month,No,1
CUST956,Female,1,32,64.43653492415143,2073.200083327506,One year,Fiber optic,0
CUST957,Male,0,51,47.55479392194834,5267.865218860177,Month-to-month,DSL,1
CUST958,Female,0,46,82.20395623709938,4991.988353223295,Two year,Fiber optic,1
CUST959,Male,0,21,119.2442289374779,2723.667288134184,Two year,Fiber optic,0
CUST960,Male,1,32,58.63231730764659,7432.004500527313,Two year,No,1
CUST961,Male,0,39,77.38412541045133,6774.412387168099,Month-to-month,Fiber optic,1
CUST962,Female,1,12,61.56038959073355,1869.462112334141,One year,Fiber optic,1
CUST963,Male,1,47,104.72716677218594,1989.226108932733,Two year,DSL,0
CUST964,Male,0,18,110.22364034622382,4147.1727404079365,Month-to-month,DSL,1
CUST965,Male,0,21,107.735561220526,6211.219603672691,Month-to-month,No,0
CUST966,Male,0,13,117.43722386792577,447.9189971688687,One year,DSL,1
CUST967,Female,1,21,22.751918514041527,5577.347714504183,Two year,DSL,1
CUST968,Female,0,8,103.9816162145531,5221.063589318566,Month-to-month,No,1
CUST969,Male,0,46,95.17721730390932,1928.692757712607,One year,Fiber optic,1
CUST970,Female,0,7,42.86944094003648,5482.688804606655,Two year,No,0
CUST971,Male,0,23,115.63200933875277,7527.447210891452,One year,DSL,1
CUST972,Male,0,22,34.81779282299455,469.6081752769713,One year,No,0
CUST973,Male,1,22,87.95499271339084,2625.251236807294,Month-to-month,Fiber optic,0
CUST974,Female,1,29,42.48902168159125,3561.5960616642064,Month-to-month,No,1
CUST975,Female,0,13,63.138064877407466,7204.156835505048,Month-to-month,DSL,1
CUST976,Female,0,2,91.9159896944569,7701.865428212338,One year,DSL,0
CUST977,Female,0,29,76.33246420330467,3608.510447321025,Month-to-month,No,0
CUST978,Female,0,52,62.75018313281117,6025.22445592331,One year,Fiber optic,1
CUST979,Female,1,27,52.63384309319872,4300.122087739415,One year,No,1
CUST980,Female,0,50,103.96596557087904,4348.485184456875,Month-to-month,Fiber optic,1
CUST981,Female,1,23,34.381435031481374,2296.986169024216,Two year,Fiber optic,1
CUST982,Female,1,44,63.01028765298,1813.954342324648,Two year,No,1
CUST983,Male,0,22,110.37575717751422,2375.242232799925,Two year,Fiber optic,0
CUST984,Female,1,43,104.58495504599676,4494.991257330927,One year,DSL,1
CUST985,Female,1,37,60.09417624730467,330.32596957450306,One year,No,1
CUST986,Female,1,61,96.31083636013084,7267.266660415606,One year,Fiber optic,0
CUST987,Female,1,56,102.31608307088592,1334.641305443232,Month-to-month,DSL,1
CUST988,Female,0,3,108.88874240036296,1838.7005472839537,One year,No,1
CUST989,Female,0,63,74.4505769049228,4194.381793936406,Month-to-month,DSL,0
CUST990,Female,1,19,40.446088605471175,5709.906654064506,Month-to-month,DSL,1
CUST991,Female,0,23,45.53090765039316,856.2595324807387,Two year,DSL,0
CUST992,Female,0,29,49.56946740416042,2609.7881106225814,Two year,Fiber optic,1
CUST993,Female,0,30,79.38024808096155,7752.529384037422,Two year,No,1
CUST994,Female,0,39,23.280962412860845,2172.509437569471,Month-to-month,No,1
CUST995,Male,0,25,83.60424687799683,2573.0961459988603,Month-to-month,Fiber optic,0
CUST996,Male,1,8,56.4354238428232,6708.338075882464,Month-to-month,No,0
CUST997,Female,0,58,49.52418024896421,496.6940103545965,One year,DSL,0
CUST998,Female,0,16,107.94965707281264,3770.44403359087,Month-to-month,No,0
CUST999,Male,0,1,66.0002395580799,3098.972439168195,Two year,Fiber optic,1
